Univ_name,Applicants_total,Admissions_total,State_name,Acceptance_Rate,Controlofinstitution
Abilene Christian University,10188,4986,Texas,49,Private
Adams State University,2658,1398,Colorado,53,Public
Adelphi University,8654,5897,New York,68,Private
Adrian College,4675,2631,Michigan,56,Private
Agnes Scott College,1340,896,Georgia,67,Private
Alabama A & M University,6142,5521,Alabama,90,Public
Alabama State University,10245,5251,Alabama,51,Public
Alaska Pacific University,494,185,Alaska,37,Private
Albany State University,8250,1643,Georgia,20,Public
Albertus Magnus College,689,470,Connecticut,68,Private
Albion College,4430,2498,Michigan,56,Private
Albright College,6060,3776,Pennsylvania,62,Private
Alcorn State University,2265,1878,Mississippi,83,Public
Alderson Broaddus University,4892,2114,West Virginia,43,Private
Alfred University,3417,2385,New York,70,Private
Alice Lloyd College,3656,1646,Kentucky,45,Private
Allegheny College,4512,2927,Pennsylvania,65,Private
Allen University,,,South Carolina,77,Private
Alliant International University,128,63,California,49,Private
Alma College,2699,1833,Michigan,68,Private
Alvernia University,1792,1391,Pennsylvania,78,Private
Alverno College,582,459,Wisconsin,79,Private
American Indian College of the Assemblies of God Inc,,,Arizona,38,Private
American International College,1928,1307,Massachusetts,68,Private
American Jewish University,100,59,California,59,Private
American University,17545,7566,District of Columbia,43,Private
Amherst College,7927,1132,Massachusetts,14,Private
Amridge University,,,Alabama,71,Private
Anderson University,2734,1516,Indiana,55,Private
Anderson University,2190,1424,South Carolina,65,Private
Andrews University,2551,957,Michigan,38,Private
Angelo State University,2599,2092,Texas,80,Public
Anna Maria College,2081,1614,Massachusetts,78,Private
Antioch University-Seattle,42,33,Washington,79,Private
Appalachian State University,12248,7744,North Carolina,63,Public
Aquinas College,2789,1990,Michigan,71,Private
Aquinas College,119,62,Tennessee,52,Private
Arcadia University,9608,5735,Pennsylvania,60,Private
Arizona Christian University,344,209,Arizona,61,Private
Arizona State University-Tempe,21770,17465,Arizona,80,Public
Arkansas Baptist College,,,Arkansas,55,Private
Arkansas State University-Main Campus,4838,3653,Arkansas,76,Public
Arkansas Tech University,3847,3271,Arkansas,85,Public
Armstrong Atlantic State University,3118,2182,Georgia,70,Public
Asbury University,1211,796,Kentucky,66,Private
Ashland University,2931,2180,Ohio,74,Private
Assumption College,4659,3458,Massachusetts,74,Private
Auburn University,15745,13027,Alabama,83,Public
Auburn University at Montgomery,1958,1639,Alabama,84,Public
Augsburg College,2072,1261,Minnesota,61,Private
Augustana College,5831,3421,Illinois,59,Private
Augustana College,1147,781,South Dakota,68,Private
Aurora University,2536,1926,Illinois,76,Private
Austin College,3141,1841,Texas,59,Private
Austin Peay State University,3332,2864,Tennessee,86,Public
Ave Maria University,1611,960,Florida,60,Private
Averett University,2356,1491,Virginia,63,Private
Avila University,1629,995,Missouri,61,Private
Azusa Pacific University,5329,4255,California,80,Private
Bacone College,2445,1756,Oklahoma,72,Private
Baker College Center for Graduate Studies,,,Michigan,100,Private
Baker College of Allen Park,,,Michigan,100,Private
Baker College of Auburn Hills,,,Michigan,100,Private
Baker College of Cadillac,,,Michigan,100,Private
Baker College of Clinton Township,,,Michigan,100,Private
Baker College of Flint,,,Michigan,100,Private
Baker College of Jackson,,,Michigan,100,Private
Baker College of Muskegon,,,Michigan,100,Private
Baker College of Owosso,,,Michigan,100,Private
Baker College of Port Huron,,,Michigan,100,Private
Baker University,870,756,Kansas,87,Private
Baldwin Wallace University,4220,2699,Ohio,64,Private
Ball State University,17118,10364,Indiana,61,Public
Bard College,5466,2056,New York,38,Private
Bard College at Simon's Rock,218,201,Massachusetts,92,Private
Barnard College,5606,1151,New York,21,Private
Barry University,7845,3670,Florida,47,Private
Barton College,2933,1225,North Carolina,42,Private
Bates College,5243,1267,Maine,24,Private
Bay Path College,908,523,Massachusetts,58,Private
Baylor University,29249,16809,Texas,57,Private
Beacon College,139,90,Florida,65,Private
Becker College,3936,2462,Massachusetts,63,Private
Belhaven University,2280,1104,Mississippi,48,Private
Bellarmine University,4160,3943,Kentucky,95,Private
Bellevue University,,,Nebraska,100,Private
Belmont Abbey College,2197,1485,North Carolina,68,Private
Belmont University,5111,4082,Tennessee,80,Private
Beloit College,2253,1525,Wisconsin,68,Private
Bemidji State University,3606,2408,Minnesota,67,Public
Benedict College,,,South Carolina,77,Private
Benedictine College,3515,2129,Kansas,61,Private
Benedictine University,2108,1465,Illinois,69,Private
Bennett College,1639,1354,North Carolina,83,Private
Bennington College,1130,733,Vermont,65,Private
Bentley University,7493,3281,Massachusetts,44,Private
Berea College,1620,551,Kentucky,34,Private
Berry College,3901,2353,Georgia,60,Private
Bethany College,1139,670,Kansas,59,Private
Bethany College,1736,859,West Virginia,49,Private
Bethany Lutheran College,531,396,Minnesota,75,Private
Bethel College-Indiana,1242,889,Indiana,72,Private
Bethel College-North Newton,854,550,Kansas,64,Private
Bethel University,2118,2009,Minnesota,95,Private
Bethel University,2669,1362,Tennessee,51,Private
Bethune-Cookman University,7429,4948,Florida,67,Private
Biola University,4816,3509,California,73,Private
Birmingham Southern College,1931,1240,Alabama,64,Private
Black Hills State University,957,854,South Dakota,89,Public
Blackburn College,528,359,Illinois,68,Private
Bloomfield College,3115,1702,New Jersey,55,Private
Bloomsburg University of Pennsylvania,9248,8190,Pennsylvania,89,Public
Blue Mountain College,585,326,Mississippi,56,Private
Bluefield College,1042,597,Virginia,57,Private
Bluefield State College,1125,480,West Virginia,43,Public
Bluffton University,1784,947,Ohio,53,Private
Boise State University,7832,6082,Idaho,78,Public
Boricua College,,,New York,100,Private
Boston College,24538,7905,Massachusetts,32,Private
Boston University,44006,20071,Massachusetts,46,Private
Bowdoin College,7052,1054,Maine,15,Private
Bowie State University,3986,2063,Maryland,52,Public
Bowling Green State University-Main Campus,15689,11370,Ohio,72,Public
Bradley University,8969,6004,Illinois,67,Private
Brandeis University,9496,3517,Massachusetts,37,Private
Brenau University,2160,1691,Georgia,78,Private
Brescia University,3582,1612,Kentucky,45,Private
Brevard College,2299,1032,North Carolina,45,Private
Brewton-Parker College,475,244,Georgia,51,Private
Briar Cliff University,,,Iowa,58,Private
Bridgewater College,5401,2967,Virginia,55,Private
Bridgewater State University,5920,4653,Massachusetts,79,Public
Brigham Young University-Hawaii,2664,960,Hawaii,36,Private
Brigham Young University-Idaho,6690,6665,Idaho,100,Private
Brigham Young University-Provo,11423,5645,Utah,49,Private
Brown University,28919,2654,Rhode Island,9,Private
Bryan College-Dayton,1151,433,Tennessee,38,Private
Bryant University,6013,4603,Rhode Island,77,Private
Bryn Athyn College of the New Church,396,205,Pennsylvania,52,Private
Bryn Mawr College,2708,1081,Pennsylvania,40,Private
Bucknell University,7947,2345,Pennsylvania,30,Private
Buena Vista University,1409,980,Iowa,70,Private
Buffalo State SUNY,11256,5463,New York,49,Public
Burlington College,199,165,Vermont,83,Private
Butler University,9357,6185,Indiana,66,Private
Cabrini College,2127,1580,Pennsylvania,74,Private
Cairn University-Langhorne,610,313,Pennsylvania,51,Private
Caldwell College,2984,1912,New Jersey,64,Private
California Baptist University,3853,3036,California,79,Private
California Institute of Technology,5535,584,California,11,Private
California Lutheran University,6920,3323,California,48,Private
California Maritime Academy,893,668,California,75,Public
California Polytechnic State University-San Luis Obispo,36941,11537,California,31,Public
California State Polytechnic University-Pomona,28143,14686,California,52,Public
California State University-Bakersfield,6630,4393,California,66,Public
California State University-Channel Islands,6960,4484,California,64,Public
California State University-Chico,17215,12327,California,72,Public
California State University-Dominguez Hills,14742,8472,California,57,Public
California State University-East Bay,12741,8756,California,69,Public
California State University-Fresno,16242,9444,California,58,Public
California State University-Fullerton,38909,17817,California,46,Public
California State University-Long Beach,55019,16956,California,31,Public
California State University-Los Angeles,27321,18448,California,68,Public
California State University-Monterey Bay,12562,5577,California,44,Public
California State University-Northridge,29339,13566,California,46,Public
California State University-Sacramento,19702,13728,California,70,Public
California State University-San Bernardino,12239,7137,California,58,Public
California State University-San Marcos,10208,6381,California,63,Public
California State University-Stanislaus,5763,4158,California,72,Public
California University of Pennsylvania,3022,2801,Pennsylvania,93,Public
Calumet College of Saint Joseph,545,218,Indiana,40,Private
Calvin College,4003,2792,Michigan,70,Private
Cambridge College,,,Massachusetts,100,Private
Cameron University,,,Oklahoma,100,Public
Campbell University,11714,8180,North Carolina,70,Private
Campbellsville University,2649,1813,Kentucky,68,Private
Canisius College,4322,3134,New York,73,Private
Capital University,3640,2768,Ohio,76,Private
Cardinal Stritch University,577,486,Wisconsin,84,Private
Carleton College,7045,1476,Minnesota,21,Private
Carlos Albizu University-Miami,58,21,Florida,36,Private
Carlow University,669,637,Pennsylvania,95,Private
Carnegie Mellon University,18884,4813,Pennsylvania,25,Private
Carroll College,3279,1738,Montana,53,Private
Carroll University,2868,2327,Wisconsin,81,Private
Carson-Newman University,3916,2607,Tennessee,67,Private
Carthage College,7174,5035,Wisconsin,70,Private
Case Western Reserve University,18418,7713,Ohio,42,Private
Castleton State College,2251,2072,Vermont,92,Public
Catawba College,3226,1309,North Carolina,41,Private
Catholic University of America,6298,3783,District of Columbia,60,Private
Cazenovia College,2440,1902,New York,78,Private
Cedar Crest College,1063,625,Pennsylvania,59,Private
Cedarville University,3267,2418,Ohio,74,Private
Centenary College,1038,944,New Jersey,91,Private
Centenary College of Louisiana,670,442,Louisiana,66,Private
Central Baptist College,540,292,Arkansas,54,Private
Central Christian College of Kansas,662,334,Kansas,50,Private
Central College,2842,1870,Iowa,66,Private
Central Connecticut State University,5551,3560,Connecticut,64,Public
Central Methodist University-College of Liberal Arts and Sciences,1285,836,Missouri,65,Private
Central Michigan University,19262,12143,Michigan,63,Public
Central State University,7142,2377,Ohio,33,Public
Central Washington University,4507,3703,Washington,82,Public
Centre College,2533,1737,Kentucky,69,Private
Chadron State College,,,Nebraska,99,Public
Chaminade University of Honolulu,914,764,Hawaii,84,Private
Champlain College,5047,3573,Vermont,71,Private
Chapman University,11750,5253,California,45,Private
Charleston Southern University,3640,2507,South Carolina,69,Private
Chatham University,594,361,Pennsylvania,61,Private
Chestnut Hill College,1829,1058,Pennsylvania,58,Private
Cheyney University of Pennsylvania,,,Pennsylvania,87,Public
Chicago State University,5219,1495,Illinois,29,Public
Chowan University,3708,2282,North Carolina,62,Private
Christian Brothers University,1943,922,Tennessee,47,Private
Christopher Newport University,7016,4141,Virginia,59,Public
Citadel Military College of South Carolina,2557,2056,South Carolina,80,Public
City College-Fort Lauderdale,,,Florida,100,Private
City College-Gainesville,,,Florida,92,Private
City College-Miami,,,Florida,100,Private
City University of Seattle,,,Washington,100,Private
Claflin University,4354,2290,South Carolina,53,Private
Claremont McKenna College,5518,647,California,12,Private
Clarion University of Pennsylvania,2071,1936,Pennsylvania,93,Public
Clark Atlanta University,5873,3336,Georgia,57,Private
Clark University,5551,3416,Massachusetts,62,Private
Clarke University,1250,969,Iowa,78,Private
Clarkson University,6747,4320,New York,64,Private
Clayton  State University,2046,976,Georgia,48,Public
Clearwater Christian College,468,328,Florida,70,Private
Clemson University,18500,10706,South Carolina,58,Public
Cleveland State University,6768,4255,Ohio,63,Public
Coastal Carolina University,10993,8139,South Carolina,74,Public
Coe College,2972,1834,Iowa,62,Private
Coker College,1273,678,South Carolina,53,Private
Colby College,5407,1408,Maine,26,Private
Colby-Sawyer College,3400,2826,New Hampshire,83,Private
Coleman University,82,82,California,100,Private
Colgate University,8374,2209,New York,26,Private
College America-Colorado Springs,,,Colorado,78,Private
College America-Denver,,,Colorado,88,Private
College of Charleston,11509,8092,South Carolina,70,Public
College of Mount Saint Vincent,2416,1766,New York,73,Private
College of Mount St Joseph,1197,1048,Ohio,88,Private
College of Our Lady of the Elms,993,744,Massachusetts,75,Private
College of Saint Benedict,2077,1569,Minnesota,76,Private
College of Saint Elizabeth,2496,1207,New Jersey,48,Private
College of Saint Mary,335,191,Nebraska,57,Private
College of St Joseph,183,125,Vermont,68,Private
College of Staten Island CUNY,9785,9761,New York,100,Public
College of the Atlantic,452,333,Maine,74,Private
College of the Holy Cross,7115,2346,Massachusetts,33,Private
College of the Ozarks,3006,391,Missouri,13,Private
College of William and Mary,14046,4665,Virginia,33,Public
Colorado Christian University,1186,1158,Colorado,98,Private
Colorado College,5780,1288,Colorado,22,Private
Colorado Mesa University,6459,5304,Colorado,82,Public
Colorado School of Mines,11682,4373,Colorado,37,Public
Colorado State University-Fort Collins,17970,13914,Colorado,77,Public
Colorado State University-Pueblo,3147,2969,Colorado,94,Public
Columbia College,,,Missouri,79,Private
Columbia College,457,297,South Carolina,65,Private
Columbia College-Chicago,8005,7247,Illinois,91,Private
Columbia International University,302,189,South Carolina,63,Private
Columbia University in the City of New York,31851,2362,New York,7,Private
Columbus State University,3170,1757,Georgia,55,Public
Concord University,2698,1233,West Virginia,46,Public
Concordia College Alabama,,,Alabama,100,Private
Concordia College at Moorhead,2493,1994,Minnesota,80,Private
Concordia College-New York,1358,910,New York,67,Private
Concordia University-Ann Arbor,1150,618,Michigan,54,Private
Concordia University-Chicago,3692,2009,Illinois,54,Private
Concordia University-Irvine,2055,1874,California,91,Private
Concordia University-Nebraska,1299,929,Nebraska,72,Private
Concordia University-Portland,1790,1001,Oregon,56,Private
Concordia University-Saint Paul,1359,712,Minnesota,52,Private
Concordia University-Texas,1680,787,Texas,47,Private
Concordia University-Wisconsin,2510,1755,Wisconsin,70,Private
Connecticut College,4837,1734,Connecticut,36,Private
Converse College,1565,814,South Carolina,52,Private
Cooper Union for the Advancement of Science and Art,3193,247,New York,8,Private
Coppin State University,5980,2123,Maryland,36,Public
Corban University,2896,934,Oregon,32,Private
Cornell College,2204,1413,Iowa,64,Private
Cornell University,39999,6222,New York,16,Private
Cornerstone University,2349,1599,Michigan,68,Private
Covenant College,1129,644,Georgia,57,Private
Creighton University,5336,4090,Nebraska,77,Private
Crown College,1049,577,Minnesota,55,Private
Culver-Stockton College,2040,1209,Missouri,59,Private
Cumberland University,795,376,Tennessee,47,Private
CUNY Bernard M Baruch College,19863,4931,New York,25,Public
CUNY Brooklyn College,19843,6346,New York,32,Public
CUNY City College,22171,7560,New York,34,Public
CUNY Hunter College,30758,9140,New York,30,Public
CUNY John Jay College of Criminal Justice,13753,4683,New York,34,Public
CUNY Lehman College,15518,3612,New York,23,Public
CUNY Medgar Evers College,7563,6913,New York,91,Public
CUNY New York City College of Technology,16870,12957,New York,77,Public
CUNY Queens College,19032,7045,New York,37,Public
CUNY York College,13319,4675,New York,35,Public
Curry College,6780,4537,Massachusetts,67,Private
Daemen College,3061,1489,New York,49,Private
Dakota State University,781,648,South Dakota,83,Public
Dakota Wesleyan University,665,467,South Dakota,70,Private
Dallas Baptist University,2631,1113,Texas,42,Private
Dalton State College,,,Georgia,51,Public
Dartmouth College,23110,2260,New Hampshire,10,Private
Davenport University,1385,1270,Michigan,92,Private
Davidson College,4745,1215,North Carolina,26,Private
Davis & Elkins College,1022,586,West Virginia,57,Private
Defiance College,1704,1220,Ohio,72,Private
Delaware State University,8884,3703,Delaware,42,Public
Delaware Valley College,1895,1295,Pennsylvania,68,Private
Delta State University,472,422,Mississippi,89,Public
Denison University,4770,2193,Ohio,46,Private
DePaul University,19957,11948,Illinois,60,Private
DePauw University,5086,3113,Indiana,61,Private
DeSales University,2624,1989,Pennsylvania,76,Private
Dickinson College,5826,2589,Pennsylvania,44,Private
Dickinson State University,417,203,North Dakota,49,Public
Dillard University,4726,1675,Louisiana,35,Private
Dixie State University,,,Utah,100,Public
Doane College-Crete,1822,1307,Nebraska,72,Private
Dominican College of Blauvelt,1594,1146,New York,72,Private
Dominican University,3502,2100,Illinois,60,Private
Dominican University of California,2322,1800,California,78,Private
Donnelly College,,,Kansas,95,Private
Dordt College,1355,1022,Iowa,75,Private
Dowling College,2675,2094,New York,78,Private
Drake University,5930,3911,Iowa,66,Private
Drew University,3430,2656,New Jersey,77,Private
Drexel University,43945,35815,Pennsylvania,81,Private
Drury University,1076,871,Missouri,81,Private
Duke University,30374,4077,North Carolina,13,Private
Duquesne University,6793,5033,Pennsylvania,74,Private
D'Youville College,1171,926,New York,79,Private
Earlham College,1890,1204,Indiana,64,Private
East Carolina University,15535,9658,North Carolina,62,Public
East Central University,968,950,Oklahoma,98,Public
East Stroudsburg University of Pennsylvania,5621,4409,Pennsylvania,78,Public
East Tennessee State University,4721,4083,Tennessee,86,Public
East Texas Baptist University,709,522,Texas,74,Private
Eastern Connecticut State University,5112,3299,Connecticut,65,Public
Eastern Illinois University,7881,4879,Illinois,62,Public
Eastern Kentucky University,9932,5961,Kentucky,60,Public
Eastern Mennonite University,1073,698,Virginia,65,Private
Eastern Michigan University,11929,7632,Michigan,64,Public
Eastern Nazarene College,941,525,Massachusetts,56,Private
Eastern New Mexico University-Main Campus,2245,1419,New Mexico,63,Public
Eastern Oregon University,1503,1007,Oregon,67,Public
Eastern University,1821,1167,Pennsylvania,64,Private
Eastern Washington University,5204,4146,Washington,80,Public
East-West University,,,Illinois,82,Private
Eckerd College,3912,2779,Florida,71,Private
Edgewood College,1297,993,Wisconsin,77,Private
Edinboro University of Pennsylvania,3187,2784,Pennsylvania,87,Public
Edward Waters College,1907,521,Florida,27,Private
Elizabeth City State University,3925,2243,North Carolina,57,Public
Elizabethtown College,3815,2654,Pennsylvania,70,Private
Elmhurst College,2702,1940,Illinois,72,Private
Elmira College,2324,1854,New York,80,Private
Elon University,9949,5370,North Carolina,54,Private
Embry-Riddle Aeronautical University-Daytona Beach,4074,3017,Florida,74,Private
Embry-Riddle Aeronautical University-Prescott,1689,1334,Arizona,79,Private
Emerson College,8198,3933,Massachusetts,48,Private
Emmanuel College,876,419,Georgia,48,Private
Emmanuel College,6623,4006,Massachusetts,60,Private
Emory & Henry College,1663,1093,Virginia,66,Private
Emory University,17475,4602,Georgia,26,Private
Emporia State University,2452,1488,Kansas,61,Public
Endicott College,3675,2633,Massachusetts,72,Private
Erskine College,750,523,South Carolina,70,Private
Eureka College,960,651,Illinois,68,Private
Evangel University,1379,886,Missouri,64,Private
Everglades University,67,61,Florida,91,Private
Fairfield University,9254,6585,Connecticut,71,Private
Fairleigh Dickinson University-College at Florham,3647,2835,New Jersey,78,Private
Fairleigh Dickinson University-Metropolitan Campus,5193,3812,New Jersey,73,Private
Fairmont State University,2799,1861,West Virginia,66,Public
Farmingdale State College,5401,2843,New York,53,Public
Fashion Institute of Technology,4449,1995,New York,45,Public
Faulkner University,,,Alabama,58,Private
Fayetteville State University,4010,2204,North Carolina,55,Public
Felician College,1567,1382,New Jersey,88,Private
Ferris State University,10718,8135,Michigan,76,Public
Ferrum College,3272,2425,Virginia,74,Private
Finlandia University,872,513,Michigan,59,Private
Fisher College,2412,1513,Massachusetts,63,Private
Fisk University,3334,1323,Tennessee,40,Private
Fitchburg State University,3528,2544,Massachusetts,72,Public
Flagler College-St Augustine,5396,2691,Florida,50,Private
Florida Agricultural and Mechanical University,5029,2263,Florida,45,Public
Florida Atlantic University,24889,11880,Florida,48,Public
Florida College,383,225,Florida,59,Private
Florida Gulf Coast University,10804,7108,Florida,66,Public
Florida Institute of Technology,7820,4727,Florida,60,Private
Florida International University,16549,7122,Florida,43,Public
Florida Memorial University,4960,2063,Florida,42,Private
Florida Southern College,4963,2476,Florida,50,Private
Florida State University,29579,16803,Florida,57,Public
Fontbonne University,676,441,Missouri,65,Private
Fordham University,36189,17055,New York,47,Private
Fort Hays State University,2511,2239,Kansas,89,Public
Fort Lewis College,2560,2240,Colorado,88,Public
Fort Valley State University,4076,1334,Georgia,33,Public
Framingham State University,5433,2807,Massachusetts,52,Public
Francis Marion University,3951,2239,South Carolina,57,Public
Franciscan University of Steubenville,1889,1437,Ohio,76,Private
Franklin and Marshall College,5174,2034,Pennsylvania,39,Private
Franklin College,2221,1333,Indiana,60,Private
Franklin Pierce University,3546,3004,New Hampshire,85,Private
Freed-Hardeman University,1042,959,Tennessee,92,Private
Fresno Pacific University,705,553,California,78,Private
Friends University,737,432,Kansas,59,Private
Frostburg State University,3872,2302,Maryland,59,Public
Furman University,5953,3808,South Carolina,64,Private
Gallaudet University,520,341,District of Columbia,66,Private
Gannon University,3983,3203,Pennsylvania,80,Private
Gardner-Webb University,5481,2640,North Carolina,48,Private
Geneva College,1670,1136,Pennsylvania,68,Private
George Fox University,2431,1830,Oregon,75,Private
George Mason University,20805,12905,Virginia,62,Public
George Washington University,21756,7197,District of Columbia,33,Private
Georgetown College,1735,1426,Kentucky,82,Private
Georgetown University,20115,3413,District of Columbia,17,Private
Georgia College and State University,4051,2754,Georgia,68,Public
Georgia Gwinnett College,,,Georgia,96,Public
Georgia Institute of Technology-Main Campus,14645,8045,Georgia,55,Public
Georgia Southern University,10525,5473,Georgia,52,Public
Georgia Southwestern State University,1245,847,Georgia,68,Public
Georgia State University,13890,7592,Georgia,55,Public
Georgian Court University,1276,994,New Jersey,78,Private
Gettysburg College,5453,2270,Pennsylvania,42,Private
Glenville State College,1198,892,West Virginia,74,Public
Goddard College,4,4,Vermont,100,Private
Golden Gate University-San Francisco,0,0,California,93,Private
Gonzaga University,6991,4650,Washington,67,Private
Gordon College,4009,1657,Massachusetts,41,Private
Goshen College,770,424,Indiana,55,Private
Goucher College,3615,2593,Maryland,72,Private
Grace Bible College,346,259,Michigan,75,Private
Grace College and Theological Seminary,3450,2720,Indiana,79,Private
Grace University,260,152,Nebraska,58,Private
Graceland University-Lamoni,1981,994,Iowa,50,Private
Grambling State University,4545,1983,Louisiana,44,Public
Grand Valley State University,18122,14969,Michigan,83,Public
Grand View University,807,770,Iowa,95,Private
Granite State College,,,New Hampshire,91,Public
Gratz College,,,Pennsylvania,92,Private
Great Basin College,,,Nevada,95,Public
Green Mountain College,773,584,Vermont,76,Private
Greensboro College,1314,1029,North Carolina,78,Private
Greenville College,1723,1132,Illinois,66,Private
Grinnell College,3979,1395,Iowa,35,Private
Guilford College,3030,2066,North Carolina,68,Private
Gustavus Adolphus College,4804,3037,Minnesota,63,Private
Gwynedd Mercy University,1232,812,Pennsylvania,66,Private
Hamilton College,5017,1364,New York,27,Private
Hamline University,3427,2247,Minnesota,66,Private
Hampden-Sydney College,2623,1439,Virginia,55,Private
Hampshire College,2856,1819,Massachusetts,64,Private
Hampton University,15337,5529,Virginia,36,Private
Hannibal-LaGrange University,703,479,Missouri,68,Private
Hanover College,3174,2118,Indiana,67,Private
Harding University,2180,1663,Arkansas,76,Private
Hardin-Simmons University,2091,786,Texas,38,Private
Harrisburg University of Science and Technology,,,Pennsylvania,48,Private
Harris-Stowe State University,,,Missouri,93,Public
Hartwick College,5392,4542,New York,84,Private
Harvard University,35023,2047,Massachusetts,6,Private
Harvey Mudd College,3539,643,California,18,Private
Hastings College,1529,1126,Nebraska,74,Private
Haverford College,3585,842,Pennsylvania,23,Private
Hawaii Pacific University,4207,2697,Hawaii,64,Private
Heidelberg University,,,Ohio,61,Private
Henderson State University,3350,2084,Arkansas,62,Public
Hendrix College,1928,1550,Arkansas,80,Private
Heritage University,,,Washington,89,Private
Hilbert College,865,703,New York,81,Private
Hiram College,2542,1458,Ohio,57,Private
Hobart William Smith Colleges,4385,2168,New York,49,Private
Hodges University,221,183,Florida,83,Private
Hofstra University,22733,13346,New York,59,Private
Hollins University,824,571,Virginia,69,Private
Holy Cross College,715,517,Indiana,72,Private
Holy Family University,1350,1024,Pennsylvania,76,Private
Holy Names University,561,318,California,57,Private
Hood College,1686,1366,Maryland,81,Private
Hope College,4161,3018,Michigan,73,Private
Hope International University,408,191,California,47,Private
Houghton College,807,735,New York,91,Private
Houston Baptist University,5872,4297,Texas,73,Private
Howard Payne University,1585,853,Texas,54,Private
Howard University,11687,5762,District of Columbia,49,Private
Humboldt State University,9978,8000,California,80,Public
Humphreys College-Stockton and Modesto Campuses,,,California,91,Private
Huntingdon College,1470,923,Alabama,63,Private
Huntington University,784,763,Indiana,97,Private
Husson University,1581,1263,Maine,80,Private
Huston-Tillotson University,1778,816,Texas,46,Private
Idaho State University,,,Idaho,92,Public
Illinois College,2560,1569,Illinois,61,Private
Illinois Institute of Technology,2840,1618,Illinois,57,Private
Illinois State University,15354,10582,Illinois,69,Public
Illinois Wesleyan University,3556,2076,Illinois,58,Private
Immaculata University,1650,1314,Pennsylvania,80,Private
Indiana State University,11019,9152,Indiana,83,Public
Indiana University of Pennsylvania-Main Campus,9367,8476,Pennsylvania,90,Public
Indiana University-Bloomington,37826,27300,Indiana,72,Public
Indiana University-East,1219,656,Indiana,54,Public
Indiana University-Kokomo,1066,784,Indiana,74,Public
Indiana University-Northwest,1773,1352,Indiana,76,Public
Indiana University-Purdue University-Fort Wayne,3702,3076,Indiana,83,Public
Indiana University-Purdue University-Indianapolis,12230,8510,Indiana,70,Public
Indiana University-South Bend,2456,1720,Indiana,70,Public
Indiana University-Southeast,2097,1666,Indiana,79,Public
Indiana Wesleyan University,3441,3274,Indiana,95,Private
Iona College,5911,5445,New York,92,Private
Iowa State University,16539,13648,Iowa,83,Public
Iowa Wesleyan College,1319,793,Iowa,60,Private
Ithaca College,15658,10429,New York,67,Private
Jackson State University,5325,3442,Mississippi,65,Public
Jacksonville State University,3083,2567,Alabama,83,Public
Jacksonville University,3498,1657,Florida,47,Private
James Madison University,22648,14394,Virginia,64,Public
Jarvis Christian College,,,Texas,84,Private
John Brown University,1143,798,Arkansas,70,Private
John Carroll University,3721,3101,Ohio,83,Private
Johns Hopkins University,21336,3869,Maryland,18,Private
Johnson & Wales University-Charlotte,4543,2708,North Carolina,60,Private
Johnson & Wales University-Denver,1998,1568,Colorado,78,Private
Johnson & Wales University-North Miami,5029,3267,Florida,65,Private
Johnson & Wales University-Providence,12364,9399,Rhode Island,76,Private
Johnson C Smith University,4777,1752,North Carolina,37,Private
Johnson State College,864,837,Vermont,97,Public
Jones College-Jacksonville,,,Florida,90,Private
Judson College,268,198,Alabama,74,Private
Judson University,737,521,Illinois,71,Private
Juniata College,2227,1650,Pennsylvania,74,Private
Kalamazoo College,2528,1691,Michigan,67,Private
Kansas State University,9839,9437,Kansas,96,Public
Kansas Wesleyan University,689,370,Kansas,54,Private
Kean University,4952,3980,New Jersey,80,Public
Keene State College,6144,5029,New Hampshire,82,Public
Keiser University-Ft Lauderdale,4620,4311,Florida,93,Private
Kennesaw State University,9471,5355,Georgia,57,Public
Kent State University at Kent,15970,13259,Ohio,83,Public
Kent State University at Salem,,,Ohio,91,Public
Kentucky Christian University,590,303,Kentucky,51,Private
Kentucky State University,6399,2415,Kentucky,38,Public
Kentucky Wesleyan College,1006,675,Kentucky,67,Private
Kenyon College,4054,1556,Ohio,38,Private
Kettering University,2140,1318,Michigan,62,Private
Keuka College,1375,1207,New York,88,Private
Keystone College,1120,807,Pennsylvania,72,Private
King University,933,595,Tennessee,64,Private
King's College,2780,1988,Pennsylvania,72,Private
Knox College,2660,1994,Illinois,75,Private
Kutztown University of Pennsylvania,7785,6367,Pennsylvania,82,Public
Kuyper College,152,104,Michigan,68,Private
La Roche College,1488,828,Pennsylvania,56,Private
La Salle University,5547,4449,Pennsylvania,80,Private
La Sierra University,3479,1627,California,47,Private
Lafayette College,6766,2310,Pennsylvania,34,Private
LaGrange College,1648,962,Georgia,58,Private
Lake Erie College,1158,644,Ohio,56,Private
Lake Forest College,3684,2110,Illinois,57,Private
Lake Superior State University,1481,1360,Michigan,92,Public
Lakeland College,885,586,Wisconsin,66,Private
Lamar University,4788,3678,Texas,77,Public
Lander University,3349,1412,South Carolina,42,Public
Lane College,4589,2256,Tennessee,49,Private
Langston University,,,Oklahoma,92,Public
Lasell College,3584,2729,Massachusetts,76,Private
Lawrence Technological University,1819,794,Michigan,44,Private
Lawrence University,2710,1970,Wisconsin,73,Private
Le Moyne College,5924,3667,New York,62,Private
Le Moyne-Owen College,1242,290,Tennessee,23,Private
Lebanon Valley College,3793,2536,Pennsylvania,67,Private
Lee University,1689,1548,Tennessee,92,Private
Lees-McRae College,1751,1164,North Carolina,66,Private
Lehigh University,12589,3882,Pennsylvania,31,Private
Lenoir-Rhyne University,4762,3241,North Carolina,68,Private
Lesley University,2605,1758,Massachusetts,67,Private
LeTourneau University,1810,736,Texas,41,Private
Lewis & Clark College,6458,4059,Oregon,63,Private
Lewis University,5432,3035,Illinois,56,Private
Lewis-Clark State College,861,859,Idaho,100,Public
Liberty University,48054,10405,Virginia,22,Private
Life University,809,603,Georgia,75,Private
Limestone College,2424,1290,South Carolina,53,Private
Lincoln College,1101,963,Illinois,87,Private
Lincoln Memorial University,975,682,Tennessee,70,Private
Lincoln University,,,California,31,Private
Lincoln University,,,Missouri,66,Public
Lincoln University of Pennsylvania,3240,1987,Pennsylvania,61,Public
Lindenwood University,3379,2240,Missouri,66,Private
Lindsey Wilson College,,,Kentucky,79,Private
Linfield College-McMinnville Campus,2139,1972,Oregon,92,Private
Lipscomb University,3467,1827,Tennessee,53,Private
LIU Brooklyn,5695,4949,New York,87,Private
LIU Post,6001,4841,New York,81,Private
Livingstone College,3270,2329,North Carolina,71,Private
Lock Haven University,3744,3286,Pennsylvania,88,Public
Longwood University,4055,3299,Virginia,81,Public
Loras College,1873,1293,Iowa,69,Private
Louisiana College,904,671,Louisiana,74,Private
Louisiana State University and Agricultural & Mechanical College,16169,12326,Louisiana,76,Public
Louisiana State University-Alexandria,1080,656,Louisiana,61,Public
Louisiana State University-Shreveport,539,450,Louisiana,83,Public
Louisiana Tech University,5077,3424,Louisiana,67,Public
Lourdes University,1307,906,Ohio,69,Private
Loyola Marymount University,11472,6209,California,54,Private
Loyola University Chicago,14355,13121,Illinois,91,Private
Loyola University Maryland,13604,7891,Maryland,58,Private
Loyola University New Orleans,4827,4203,Louisiana,87,Private
Lubbock Christian University,783,743,Texas,95,Private
Luther College,3490,2517,Iowa,72,Private
Lycoming College,1737,1244,Pennsylvania,72,Private
Lynchburg College,5695,3627,Virginia,64,Private
Lyndon State College,1354,1345,Vermont,99,Public
Lynn University,2697,2093,Florida,78,Private
Lyon College,1309,772,Arkansas,59,Private
Macalester College,6683,2283,Minnesota,34,Private
MacMurray College,1027,769,Illinois,75,Private
Madonna University,1089,667,Michigan,61,Private
Maharishi University of Management,74,31,Iowa,42,Private
Maine Maritime Academy,791,517,Maine,65,Public
Malone University,1333,957,Ohio,72,Private
Manchester University,2195,1562,Indiana,71,Private
Manhattan College,7268,4809,New York,66,Private
Manhattanville College,3930,3016,New York,77,Private
Mansfield University of Pennsylvania,2023,1867,Pennsylvania,92,Public
Maranatha Baptist University,417,298,Wisconsin,71,Private
Marian University,2064,1196,Indiana,58,Private
Marian University,1021,772,Wisconsin,76,Private
Marietta College,4168,2662,Ohio,64,Private
Marist College,10351,3876,New York,37,Private
Marlboro College,232,176,Vermont,76,Private
Marquette University,23432,13462,Wisconsin,57,Private
Mars Hill University,2899,1869,North Carolina,64,Private
Marshall University,2866,2255,West Virginia,79,Public
Martin Luther College,209,201,Minnesota,96,Private
Martin Methodist College,,,Tennessee,84,Private
Martin University,,,Indiana,88,Private
Mary Baldwin College,3089,2729,Virginia,88,Private
Marygrove College,916,859,Michigan,94,Private
Marylhurst University,36,14,Oregon,39,Private
Marymount Manhattan College,4147,3095,New York,75,Private
Marymount University,2082,1718,Virginia,83,Private
Maryville College,2196,1594,Tennessee,73,Private
Maryville University of Saint Louis,1595,1214,Missouri,76,Private
Marywood University,2021,1441,Pennsylvania,71,Private
Massachusetts College of Liberal Arts,1689,1135,Massachusetts,67,Public
Massachusetts Institute of Technology,18989,1548,Massachusetts,8,Private
Massachusetts Maritime Academy,787,608,Massachusetts,77,Public
Mayville State University,,,North Dakota,55,Public
McDaniel College,2942,2232,Maryland,76,Private
McKendree University,1617,1017,Illinois,63,Private
McMurry University,1396,827,Texas,59,Private
McNeese State University,3624,2229,Louisiana,62,Public
McPherson College,642,556,Kansas,87,Private
Medaille College,1505,817,New York,54,Private
Menlo College,4100,1519,California,37,Private
Mercer University,3864,2666,Georgia,69,Private
Mercy College,6546,3747,New York,57,Private
Mercyhurst University,2938,2214,Pennsylvania,75,Private
Meredith College,1762,1098,North Carolina,62,Private
Merrimack College,6314,4963,Massachusetts,79,Private
Messiah College,2836,1869,Pennsylvania,66,Private
Methodist University,4079,2497,North Carolina,61,Private
Metropolitan College of New York,667,366,New York,55,Private
Metropolitan State University,306,306,Minnesota,100,Public
Metropolitan State University of Denver,5867,4175,Colorado,71,Public
Miami University-Oxford,22520,15034,Ohio,67,Public
Michigan Jewish Institute,1683,1651,Michigan,98,Private
Michigan State University,31479,21610,Michigan,69,Public
Michigan Technological University,4520,3462,Michigan,77,Public
Mid-America Christian University,,,Oklahoma,78,Private
MidAmerica Nazarene University,1012,731,Kansas,72,Private
Mid-Atlantic Christian University,168,69,North Carolina,41,Private
Mid-Continent University,458,322,Kentucky,70,Private
Middle Tennessee State University,9845,6888,Tennessee,70,Public
Middlebury College,8847,1518,Vermont,17,Private
Midland University,1676,1145,Nebraska,68,Private
Midway College,446,240,Kentucky,54,Private
Midwestern State University,3023,2170,Texas,72,Public
Miles College,,,Alabama,69,Private
Millersville University of Pennsylvania,5455,3920,Pennsylvania,72,Public
Milligan College,612,418,Tennessee,68,Private
Millikin University,3906,2153,Illinois,55,Private
Mills College,1827,1242,California,68,Private
Millsaps College,1901,902,Mississippi,47,Private
Milwaukee School of Engineering,2167,1482,Wisconsin,68,Private
Minnesota State University-Mankato,9938,6514,Minnesota,66,Public
Minnesota State University-Moorhead,3562,3174,Minnesota,89,Public
Minot State University,959,543,North Dakota,57,Public
Misericordia University,2125,1379,Pennsylvania,65,Private
Mississippi College,1936,1303,Mississippi,67,Private
Mississippi State University,11191,7254,Mississippi,65,Public
Mississippi University for Women,1274,554,Mississippi,43,Public
Mississippi Valley State University,6229,1415,Mississippi,23,Public
Missouri Baptist University,840,512,Missouri,61,Private
Missouri Southern State University,1726,1679,Missouri,97,Public
Missouri State University-Springfield,7482,6367,Missouri,85,Public
Missouri University of Science and Technology,3322,2729,Missouri,82,Public
Missouri Valley College,2164,480,Missouri,22,Private
Missouri Western State University,,,Missouri,98,Public
Mitchell College,1162,670,Connecticut,58,Private
Molloy College,3242,2356,New York,73,Private
Monmouth College,2973,1912,Illinois,64,Private
Monmouth University,5537,4314,New Jersey,78,Private
Montana State University,12581,10630,Montana,84,Public
Montana State University-Billings,,,Montana,99,Public
Montana State University-Northern,376,376,Montana,100,Public
Montana Tech of the University of Montana,586,521,Montana,89,Public
Montclair State University,13012,8500,New Jersey,65,Public
Montreat College,700,380,North Carolina,54,Private
Moravian College,1636,1308,Pennsylvania,80,Private
Morehead State University,5230,4419,Kentucky,84,Public
Morehouse College,2690,1798,Georgia,67,Private
Morgan State University,4801,2764,Maryland,58,Public
Morningside College,3721,1986,Iowa,53,Private
Morris College,,,South Carolina,88,Private
Morrisville State College,4049,2388,New York,59,Public
Mount Aloysius College,1546,1063,Pennsylvania,69,Private
Mount Holyoke College,3732,1747,Massachusetts,47,Private
Mount Ida College,2371,1438,Massachusetts,61,Private
Mount Marty College,402,291,South Dakota,72,Private
Mount Mary University,478,258,Wisconsin,54,Private
Mount Mercy University,542,371,Iowa,68,Private
Mount Olive College,2117,1054,North Carolina,50,Private
Mount Saint Mary College,3551,3054,New York,86,Private
Mount St Mary's College,2316,1716,California,74,Private
Mount St Mary's University,4943,3332,Maryland,67,Private
Mount Vernon Nazarene University,1279,812,Ohio,63,Private
Muhlenberg College,5152,2378,Pennsylvania,46,Private
Murray State University,4576,3760,Kentucky,82,Public
Muskingum University,2001,1520,Ohio,76,Private
Naropa University,79,63,Colorado,80,Private
National Louis University,84,83,Illinois,99,Private
National University,,,California,88,Private
Nazareth College,3838,2625,New York,68,Private
Nebraska Wesleyan University,2315,1780,Nebraska,77,Private
Neumann University,3397,1879,Pennsylvania,55,Private
Nevada State College,1344,677,Nevada,50,Public
New College of Florida,1376,834,Florida,61,Public
New England College,5723,5149,New Hampshire,90,Private
New England Institute of Technology,,,Rhode Island,93,Private
New Jersey City University,4183,1727,New Jersey,41,Public
New Jersey Institute of Technology,4344,2844,New Jersey,65,Public
New Mexico Highlands University,,,New Mexico,100,Public
New Mexico Institute of Mining and Technology,1088,450,New Mexico,41,Public
New Mexico State University-Main Campus,5365,4571,New Mexico,85,Public
New York Institute of Technology,5433,4024,New York,74,Private
New York University,57845,15066,New York,26,Private
Newberry College,887,524,South Carolina,59,Private
Newbury College,4915,2926,Massachusetts,60,Private
Newman University,2348,1050,Kansas,45,Private
Niagara University,3716,2465,New York,66,Private
Nicholls State University,2404,2090,Louisiana,87,Public
Nichols College,2499,2011,Massachusetts,80,Private
Norfolk State University,3373,2192,Virginia,65,Public
North Carolina A & T State University,4480,3120,North Carolina,70,Public
North Carolina Central University,8886,4472,North Carolina,50,Public
North Carolina State University at Raleigh,20700,10353,North Carolina,50,Public
North Carolina Wesleyan College,1634,764,North Carolina,47,Private
North Central College,4082,2598,Illinois,64,Private
North Central University,501,477,Minnesota,95,Private
North Dakota State University-Main Campus,5812,4888,North Dakota,84,Public
North Greenville University,1782,1032,South Carolina,58,Private
North Park University,3961,2073,Illinois,52,Private
Northeastern Illinois University,5350,3200,Illinois,60,Public
Northeastern State University,1889,1386,Oklahoma,73,Public
Northeastern University,47364,15301,Massachusetts,32,Private
Northern Arizona University,33989,31057,Arizona,91,Public
Northern Illinois University,25914,14545,Illinois,56,Public
Northern Kentucky University,7064,3299,Kentucky,47,Public
Northern Michigan University,6743,4931,Michigan,73,Public
Northern New Mexico College,,,New Mexico,79,Public
Northern State University,1157,1080,South Dakota,93,Public
Northland College,1058,625,Wisconsin,59,Private
Northland International University,,,Wisconsin,54,Private
Northwest Christian University,318,224,Oregon,70,Private
Northwest Missouri State University,5680,4113,Missouri,72,Public
Northwest Nazarene University,1227,757,Idaho,62,Private
Northwest University,465,452,Washington,97,Private
Northwestern College,1221,929,Iowa,76,Private
Northwestern Oklahoma State University,888,531,Oklahoma,60,Public
Northwestern State University of Louisiana,2812,2362,Louisiana,84,Public
Northwestern University,32060,4912,Illinois,15,Private
Norwich University,3081,1956,Vermont,63,Private
Notre Dame College,2468,2227,Ohio,90,Private
Notre Dame de Namur University,1922,1676,California,87,Private
Notre Dame of Maryland University,838,416,Maryland,50,Private
Nova Southeastern University,4328,2487,Florida,57,Private
Nyack College,700,677,New York,97,Private
Oakland City University,652,475,Indiana,73,Private
Oakland University,12019,7933,Michigan,66,Public
Oakwood University,2728,937,Alabama,34,Private
Oberlin College,7438,2262,Ohio,30,Private
Occidental College,6072,2574,California,42,Private
Oglethorpe University,4403,2455,Georgia,56,Private
Ohio Christian University,1455,1413,Ohio,97,Private
Ohio Dominican University,2652,1310,Ohio,49,Private
Ohio Northern University,3325,2256,Ohio,68,Private
Ohio State University-Lima Campus,,,Ohio,82,Public
Ohio State University-Main Campus,31359,17413,Ohio,56,Public
Ohio State University-Mansfield Campus,,,Ohio,83,Public
Ohio State University-Marion Campus,,,Ohio,77,Public
Ohio State University-Newark Campus,,,Ohio,92,Public
Ohio University-Main Campus,20765,15149,Ohio,73,Public
Ohio Valley University,904,329,West Virginia,36,Private
Ohio Wesleyan University,4029,3035,Ohio,75,Private
Oklahoma Baptist University,6560,3704,Oklahoma,56,Private
Oklahoma Christian University,1984,1254,Oklahoma,63,Private
Oklahoma City University,1442,1038,Oklahoma,72,Private
Oklahoma Panhandle State University,858,409,Oklahoma,48,Public
Oklahoma State University-Main Campus,11064,8411,Oklahoma,76,Public
Oklahoma Wesleyan University,2335,1152,Oklahoma,49,Private
Old Dominion University,10201,7833,Virginia,77,Public
Olivet College,1995,1027,Michigan,51,Private
Olivet Nazarene University,3719,3048,Illinois,82,Private
Oral Roberts University,1417,617,Oklahoma,44,Private
Oregon Institute of Technology,2778,1982,Oregon,71,Public
Oregon State University,12414,9799,Oregon,79,Public
Ottawa University-Ottawa,267,264,Kansas,99,Private
Otterbein University,3176,2342,Ohio,74,Private
Ouachita Baptist University,1740,1220,Arkansas,70,Private
Our Lady of Holy Cross College,163,79,Louisiana,48,Private
Our Lady of the Lake University,3789,2486,Texas,66,Private
Pace University-New York,12885,9900,New York,77,Private
Pacific Lutheran University,3443,2643,Washington,77,Private
Pacific Union College,2103,1063,California,51,Private
Pacific University,2658,2291,Oregon,86,Private
Paine College,2771,1213,Georgia,44,Private
Palm Beach Atlantic University,1618,1361,Florida,84,Private
Park University,663,639,Missouri,96,Private
Paul Quinn College,632,623,Texas,99,Private
Paul Smiths College of Arts and Science,970,725,New York,75,Private
Peirce College,,,Pennsylvania,77,Private
Pennsylvania College of Technology,,,Pennsylvania,92,Public
Pennsylvania State University-Main Campus,47552,25772,Pennsylvania,54,Public
Pennsylvania State University-Penn State Abington,3221,2504,Pennsylvania,78,Public
Pennsylvania State University-Penn State Altoona,5700,4856,Pennsylvania,85,Public
Pennsylvania State University-Penn State Beaver,670,585,Pennsylvania,87,Public
Pennsylvania State University-Penn State Berks,2570,2135,Pennsylvania,83,Public
Pennsylvania State University-Penn State Brandywine,1279,1011,Pennsylvania,79,Public
Pennsylvania State University-Penn State Dubois,439,386,Pennsylvania,88,Public
Pennsylvania State University-Penn State Erie-Behrend College,3437,2890,Pennsylvania,84,Public
Pennsylvania State University-Penn State Fayette- Eberly,610,544,Pennsylvania,89,Public
Pennsylvania State University-Penn State Greater Allegheny,699,558,Pennsylvania,80,Public
Pennsylvania State University-Penn State Harrisburg,2792,2232,Pennsylvania,80,Public
Pennsylvania State University-Penn State Hazleton,1179,1018,Pennsylvania,86,Public
Pennsylvania State University-Penn State Lehigh Valley,909,777,Pennsylvania,85,Public
Pennsylvania State University-Penn State Mont Alto,827,684,Pennsylvania,83,Public
Pennsylvania State University-Penn State New Kensington,477,352,Pennsylvania,74,Public
Pennsylvania State University-Penn State Schuylkill,693,562,Pennsylvania,81,Public
Pennsylvania State University-Penn State Shenango,229,159,Pennsylvania,69,Public
Pennsylvania State University-Penn State Wilkes-Barre,472,387,Pennsylvania,82,Public
Pennsylvania State University-Penn State Worthington Scranton,722,591,Pennsylvania,82,Public
Pennsylvania State University-Penn State York,1329,1123,Pennsylvania,84,Public
Pepperdine University,9721,3630,California,37,Private
Peru State College,,,Nebraska,48,Public
Pfeiffer University,1662,1597,North Carolina,96,Private
Philadelphia University,5396,3458,Pennsylvania,64,Private
Philander Smith College,,,Arkansas,68,Private
Piedmont College,850,520,Georgia,61,Private
Pine Manor College,535,343,Massachusetts,64,Private
Pittsburg State University,3073,2427,Kansas,79,Public
Pitzer College,4115,597,California,15,Private
Plymouth State University,5120,3967,New Hampshire,77,Public
Point Loma Nazarene University,3138,2088,California,67,Private
Point Park University,3237,2393,Pennsylvania,74,Private
Point University,934,500,Georgia,54,Private
Polytechnic Institute of New York University,3444,2591,New York,75,Private
Polytechnic University of Puerto Rico-Orlando,,,Florida,100,Private
Pomona College,7153,996,California,14,Private
Portland State University,5751,3518,Oregon,61,Public
Prairie View A & M University,10747,4548,Texas,42,Public
Presbyterian College,1650,1089,South Carolina,66,Private
Prescott College,399,291,Arizona,73,Private
Presentation College,401,265,South Dakota,66,Private
Princeton University,26499,1963,New Jersey,7,Private
Providence Christian College,122,65,California,53,Private
Providence College,9660,5776,Rhode Island,60,Private
Purdue University-Calumet Campus,2591,1571,Indiana,61,Public
Purdue University-Main Campus,31083,18779,Indiana,60,Public
Purdue University-North Central Campus,1639,1183,Indiana,72,Public
Queens University of Charlotte,1949,1498,North Carolina,77,Private
Quincy University,1078,955,Illinois,89,Private
Quinnipiac University,20699,13914,Connecticut,67,Private
Radford University,7774,6088,Virginia,78,Public
Ramapo College of New Jersey,6297,3480,New Jersey,55,Public
Randolph College,1056,881,Virginia,83,Private
Randolph-Macon College,2997,1909,Virginia,64,Private
Reed College,2893,1404,Oregon,49,Private
Regent University,1238,1054,Virginia,85,Private
Regis University,3006,2100,Colorado,70,Private
Reinhardt University,1111,571,Georgia,51,Private
Remington College-Honolulu Campus,63,48,Hawaii,76,Private
Remington College-Tampa Campus,67,54,Florida,81,Private
Rhode Island College,4492,3106,Rhode Island,69,Public
Rhodes College,3555,2049,Tennessee,58,Private
Rice University,15415,2581,Texas,17,Private
Rider University,8078,5806,New Jersey,72,Private
Ripon College,1320,992,Wisconsin,75,Private
Rivier University,914,816,New Hampshire,89,Private
Roanoke College,4167,3034,Virginia,73,Private
Robert Morris University,5689,4580,Pennsylvania,81,Private
Robert Morris University Illinois,4080,857,Illinois,21,Private
Roberts Wesleyan College,814,591,New York,73,Private
Rochester College,1171,769,Michigan,66,Private
Rochester Institute of Technology,16354,9839,New York,60,Private
Rockford University,1074,440,Illinois,41,Private
Rockhurst University,2576,1943,Missouri,75,Private
Rocky Mountain College,1396,933,Montana,67,Private
Roger Williams University,9021,7305,Rhode Island,81,Private
Rogers State University,1864,1015,Oklahoma,54,Public
Rollins College,4729,2785,Florida,59,Private
Roosevelt University,3370,2655,Illinois,79,Private
Rosemont College,1014,592,Pennsylvania,58,Private
Rowan University,8287,4908,New Jersey,59,Public
Rust College,3152,437,Mississippi,14,Private
Rutgers University-Camden,7437,4357,New Jersey,59,Public
Rutgers University-New Brunswick,30631,18230,New Jersey,60,Public
Rutgers University-Newark,13282,7173,New Jersey,54,Public
Sacred Heart University,7781,5932,Connecticut,76,Private
Saginaw Valley State University,6057,4764,Michigan,79,Public
Saint Ambrose University,2897,2786,Iowa,96,Private
Saint Anselm College,3829,2820,New Hampshire,74,Private
Saint Augustine's University,2560,1725,North Carolina,67,Private
Saint Catharine College,,,Kentucky,100,Private
Saint Cloud State University,5638,4900,Minnesota,87,Public
Saint Edward's University,3694,2901,Texas,79,Private
Saint Francis University,1679,1277,Pennsylvania,76,Private
Saint Gregory's University,602,570,Oklahoma,95,Private
Saint John Fisher College,4016,2521,New York,63,Private
Saint Johns University,1747,1313,Minnesota,75,Private
Saint Josephs College,1639,1052,Indiana,64,Private
Saint Joseph's College of Maine,1580,1229,Maine,78,Private
Saint Joseph's College-New York,3148,2373,New York,75,Private
Saint Joseph's University,7831,6165,Pennsylvania,79,Private
Saint Leo University,3178,2435,Florida,77,Private
Saint Louis University,13389,8626,Missouri,64,Private
Saint Martin's University,653,572,Washington,88,Private
Saint Mary-of-the-Woods College,325,317,Indiana,98,Private
Saint Mary's College,1529,1310,Indiana,86,Private
Saint Mary's College of California,4864,3379,California,69,Private
Saint Mary's University of Minnesota,1551,1161,Minnesota,75,Private
Saint Michael's College,4431,3328,Vermont,75,Private
Saint Norbert College,2088,1711,Wisconsin,82,Private
Saint Peter's University,6145,3323,New Jersey,54,Private
Saint Vincent College,2035,1399,Pennsylvania,69,Private
Saint Xavier University,10513,5313,Illinois,51,Private
Salem College,854,497,North Carolina,58,Private
Salem State University,4855,3364,Massachusetts,69,Public
Salisbury University,8912,4896,Maryland,55,Public
Salve Regina University,5070,3400,Rhode Island,67,Private
Sam Houston State University,9315,6054,Texas,65,Public
Samford University,3447,2653,Alabama,77,Private
San Diego Christian College,561,276,California,49,Private
San Diego State University,51163,15970,California,31,Public
San Diego State University-Imperial Valley Campus,201,122,California,61,Public
San Francisco State University,31462,20070,California,64,Public
San Jose State University,25155,15967,California,63,Public
Santa Clara University,14339,7344,California,51,Private
Sarah Lawrence College,2165,1335,New York,62,Private
Savannah State University,2922,2425,Georgia,83,Public
Schreiner University,894,828,Texas,93,Private
Scripps College,2378,849,California,36,Private
Seattle Pacific University,5165,3726,Washington,72,Private
Seattle University,7160,5243,Washington,73,Private
Seton Hall University,10735,8498,New Jersey,79,Private
Seton Hill University,2414,1574,Pennsylvania,65,Private
Sewanee-The University of the South,3285,1980,Tennessee,60,Private
Shaw University,6207,3382,North Carolina,54,Private
Shawnee State University,,,Ohio,74,Public
Shenandoah University,1833,1550,Virginia,85,Private
Shepherd University,2023,1639,West Virginia,81,Public
Shimer College,28,8,Illinois,29,Private
Shippensburg University of Pennsylvania,5949,4962,Pennsylvania,83,Public
Shorter University,1597,1087,Georgia,68,Private
Shorter University-College of Adult & Professional Programs,,,Georgia,92,Private
Siena College,8082,5500,New York,68,Private
Siena Heights University,1422,962,Michigan,68,Private
Sierra Nevada College,,,Nevada,58,Private
Silver Lake College of the Holy Family,170,102,Wisconsin,60,Private
Simmons College,4239,2076,Massachusetts,49,Private
Simpson College,1302,1146,Iowa,88,Private
Simpson University,573,318,California,55,Private
Skidmore College,8285,2904,New York,35,Private
Slippery Rock University of Pennsylvania,5475,3667,Pennsylvania,67,Public
Smith College,4403,1897,Massachusetts,43,Private
Sojourner-Douglass College,,,Maryland,42,Private
Soka University of America,422,183,California,43,Private
Sonoma State University,13142,10758,California,82,Public
South Carolina State University,4499,2285,South Carolina,51,Public
South Dakota State University,4851,4458,South Dakota,92,Public
Southeast Missouri State University,4388,3750,Missouri,85,Public
Southeastern Louisiana University,7657,3430,Louisiana,45,Public
Southeastern Oklahoma State University,1001,800,Oklahoma,80,Public
Southeastern University,2124,1260,Florida,59,Private
Southern Adventist University,2313,885,Tennessee,38,Private
Southern Arkansas University Main Campus,2720,1654,Arkansas,61,Public
Southern Connecticut State University,4870,3673,Connecticut,75,Public
Southern Illinois University-Carbondale,11634,9176,Illinois,79,Public
Southern Illinois University-Edwardsville,7646,6437,Illinois,84,Public
Southern Methodist University,12080,6125,Texas,51,Private
Southern Nazarene University,,,Oklahoma,37,Private
Southern New Hampshire University,4432,3486,New Hampshire,79,Private
Southern Oregon University,2615,1910,Oregon,73,Public
Southern Polytechnic State University,1689,1317,Georgia,78,Public
Southern University and A & M College,3721,1336,Louisiana,36,Public
Southern University at New Orleans,1563,764,Louisiana,49,Public
Southern Utah University,8318,4749,Utah,57,Public
Southern Vermont College,336,334,Vermont,99,Private
Southern Virginia University,763,762,Virginia,100,Private
Southern Wesleyan University,698,654,South Carolina,94,Private
Southwest Baptist University,2179,1966,Missouri,90,Private
Southwest Minnesota State University,2076,1359,Minnesota,65,Public
Southwestern Adventist University,1326,715,Texas,54,Private
Southwestern Assemblies of God University,2057,717,Texas,35,Private
Southwestern Christian College,,,Texas,55,Private
Southwestern Christian University,405,358,Oklahoma,88,Private
Southwestern College,436,391,Kansas,90,Private
Southwestern Oklahoma State University,2536,2289,Oklahoma,90,Public
Southwestern University,3546,1850,Texas,52,Private
Spalding University,1094,887,Kentucky,81,Private
Spelman College,6081,2312,Georgia,38,Private
Spring Arbor University,2698,1755,Michigan,65,Private
Spring Hill College,6596,3052,Alabama,46,Private
Springfield College,2231,1560,Massachusetts,70,Private
St Andrews University,898,579,North Carolina,64,Private
St Bonaventure University,2754,2203,New York,80,Private
St Catherine University,3071,1870,Minnesota,61,Private
St Francis College,2815,1811,New York,64,Private
St John's College,342,277,Maryland,81,Private
St John's College,205,169,New Mexico,82,Private
St John's University-New York,51634,27449,New York,53,Private
St Lawrence University,4424,2054,New York,46,Private
St Mary's College of Maryland,1985,1430,Maryland,72,Public
St Mary's University,5147,2997,Texas,58,Private
St Olaf College,4011,2374,Minnesota,59,Private
St Petersburg College,,,Florida,75,Public
St Thomas Aquinas College,1841,1514,New York,82,Private
St Thomas University,727,332,Florida,46,Private
Stanford University,38828,2208,California,6,Private
State University of New York at New Paltz,12892,5620,New York,44,Public
Stephen F Austin State University,11383,6474,Texas,57,Public
Stephens College,783,529,Missouri,68,Private
Sterling College,883,389,Kansas,44,Private
Sterling College,49,46,Vermont,94,Private
Stetson University,10509,6227,Florida,59,Private
Stevens Institute of Technology,4977,1899,New Jersey,38,Private
Stevens-Henager College of Business-Provo,,,Utah,68,Private
Stevens-Henager College-Logan,,,Utah,74,Private
Stevens-Henager College-Murray,,,Utah,79,Private
Stevens-Henager College-Ogden,,,Utah,88,Private
Stevenson University,5318,3169,Maryland,60,Private
Stillman College,4121,1772,Alabama,43,Private
Stonehill College,6548,4643,Massachusetts,71,Private
Stony Brook University,30300,11963,New York,39,Public
Suffolk University,9275,7652,Massachusetts,83,Private
Sul Ross State University,1638,855,Texas,52,Public
SUNY at Albany,21178,11744,New York,55,Public
SUNY at Binghamton,28232,12104,New York,43,Public
SUNY at Fredonia,5883,3032,New York,52,Public
SUNY at Purchase College,8405,2790,New York,33,Public
SUNY College at Brockport,8570,4091,New York,48,Public
SUNY College at Cortland,11518,5394,New York,47,Public
SUNY College at Geneseo,9164,4184,New York,46,Public
SUNY College at Old Westbury,3341,1939,New York,58,Public
SUNY College at Oswego,10351,5034,New York,49,Public
SUNY College at Plattsburgh,8193,3739,New York,46,Public
SUNY College at Potsdam,4764,3257,New York,68,Public
SUNY College of Agriculture and Technology at Cobleskill,2765,2021,New York,73,Public
SUNY College of Environmental Science and Forestry,1538,777,New York,51,Public
SUNY College of Technology at Alfred,5761,3165,New York,55,Public
SUNY College of Technology at Canton,3391,2653,New York,78,Public
SUNY College of Technology at Delhi,4846,2843,New York,59,Public
SUNY Empire State College,1484,1195,New York,81,Public
SUNY Institute of Technology at Utica-Rome,1954,929,New York,48,Public
SUNY Maritime College,1279,818,New York,64,Public
SUNY Oneonta,10261,5205,New York,51,Public
Susquehanna University,3217,2327,Pennsylvania,72,Private
Swarthmore College,6615,947,Pennsylvania,14,Private
Sweet Briar College,905,763,Virginia,84,Private
Syracuse University,28269,13990,New York,49,Private
Tabor College,517,380,Kansas,74,Private
Talladega College,,,Alabama,51,Private
Tarleton State University,6223,3536,Texas,57,Public
Taylor University,1637,1434,Indiana,88,Private
Temple University,18813,12016,Pennsylvania,64,Public
Tennessee State University,,,Tennessee,53,Public
Tennessee Technological University,4973,4633,Tennessee,93,Public
Tennessee Wesleyan College,791,564,Tennessee,71,Private
Texas A & M International University,4784,2289,Texas,48,Public
Texas A & M University-College Station,31387,21803,Texas,69,Public
Texas A & M University-Commerce,4236,2888,Texas,68,Public
Texas A & M University-Corpus Christi,7091,6565,Texas,93,Public
Texas A & M University-Kingsville,6488,5716,Texas,88,Public
Texas A & M University-Texarkana,830,309,Texas,37,Public
Texas Christian University,18551,8791,Texas,47,Private
Texas College,,,Texas,86,Private
Texas Lutheran University,1734,882,Texas,51,Private
Texas Southern University,9746,4389,Texas,45,Public
Texas State University,18939,14219,Texas,75,Public
Texas Tech University,19170,12709,Texas,66,Public
Texas Wesleyan University,3336,998,Texas,30,Private
Texas Woman's University,4431,3812,Texas,86,Public
The College of Idaho,1116,1010,Idaho,91,Private
The College of New Jersey,11145,4805,New Jersey,43,Public
The College of New Rochelle,1554,885,New York,57,Private
The College of Saint Rose,4651,3605,New York,78,Private
The College of Saint Scholastica,1810,1315,Minnesota,73,Private
The College of Wooster,5583,3145,Ohio,56,Private
The Evergreen State College,1583,1537,Washington,97,Public
The Kings College,3033,2158,New York,71,Private
The Master's College and Seminary,849,521,California,61,Private
The New School,4978,3315,New York,67,Private
The Richard Stockton College of New Jersey,6126,3805,New Jersey,62,Public
The Sage Colleges,2237,1267,New York,57,Private
The University of Alabama,30975,17515,Alabama,57,Public
The University of Findlay,2260,1544,Ohio,68,Private
The University of Montana,4820,4542,Montana,94,Public
The University of Montana-Western,,,Montana,82,Public
The University of Tampa,15345,8011,Florida,52,Private
The University of Tennessee-Chattanooga,7628,5917,Tennessee,78,Public
The University of Tennessee-Knoxville,14396,10435,Tennessee,72,Public
The University of Tennessee-Martin,3640,2791,Tennessee,77,Public
The University of Texas at Arlington,10679,6405,Texas,60,Public
The University of Texas at Austin,38161,15335,Texas,40,Public
The University of Texas at Brownsville,,,Texas,76,Public
The University of Texas at Dallas,8750,5125,Texas,59,Public
The University of Texas at El Paso,6240,6228,Texas,100,Public
The University of Texas at San Antonio,15239,11165,Texas,73,Public
The University of Texas at Tyler,2104,1726,Texas,82,Public
The University of Texas of the Permian Basin,1007,846,Texas,84,Public
The University of Texas-Pan American,9313,5790,Texas,62,Public
The University of Virginia's College at Wise,972,724,Virginia,74,Public
The University of West Florida,12347,5937,Florida,48,Public
Thiel College,2519,1650,Pennsylvania,66,Private
Thomas Aquinas College,178,141,California,79,Private
Thomas College,1074,778,Maine,72,Private
Thomas Edison State College,,,New Jersey,72,Public
Thomas More College,1053,924,Kentucky,88,Private
Thomas More College of Liberal Arts,,,New Hampshire,90,Private
Thomas University,153,105,Georgia,69,Private
Tiffin University,5228,2016,Ohio,39,Private
Toccoa Falls College,1253,619,Georgia,49,Private
Tougaloo College,2661,945,Mississippi,36,Private
Touro College,1732,1016,New York,59,Private
Towson University,17750,10710,Maryland,60,Public
Transylvania University,1326,1275,Kentucky,96,Private
Trevecca Nazarene University,930,718,Tennessee,77,Private
Trine University,2867,2052,Indiana,72,Private
Trine University-Regional/Non-Traditional Campuses,33,10,Indiana,30,Private
Trinity Christian College,583,526,Illinois,90,Private
Trinity College,7652,2432,Connecticut,32,Private
Trinity International University-Illinois,446,418,Illinois,94,Private
Trinity Lutheran College,282,270,Washington,96,Private
Trinity University,4505,2880,Texas,64,Private
Trinity Washington University,1493,781,District of Columbia,52,Private
Troy University,5946,4056,Alabama,68,Public
Truett-McConnell College,470,379,Georgia,81,Private
Truman State University,4462,3221,Missouri,72,Public
Tufts University,18419,3471,Massachusetts,19,Private
Tulane University of Louisiana,30122,7961,Louisiana,26,Private
Tusculum College,2825,2041,Tennessee,72,Private
Tuskegee University,10022,3519,Alabama,35,Private
Union College,1424,1056,Kentucky,74,Private
Union College,1287,673,Nebraska,52,Private
Union College,5725,2134,New York,37,Private
Union Institute & University,,,Ohio,75,Private
Union University,1932,1432,Tennessee,74,Private
Unity College,519,461,Maine,89,Private
University at Buffalo,23093,13053,New York,57,Public
University of Akron Main Campus,10575,10204,Ohio,96,Public
University of Alabama at Birmingham,5689,4934,Alabama,87,Public
University of Alabama in Huntsville,2054,1656,Alabama,81,Public
University of Alaska Anchorage,,,Alaska,80,Public
University of Alaska Fairbanks,,,Alaska,74,Public
University of Alaska Southeast,,,Alaska,91,Public
University of Arizona,26329,20251,Arizona,77,Public
University of Arkansas,18908,11076,Arkansas,59,Public
University of Arkansas at Little Rock,1443,761,Arkansas,53,Public
University of Arkansas at Monticello,,,Arkansas,69,Public
University of Arkansas at Pine Bluff,4094,1134,Arkansas,28,Public
University of Arkansas-Fort Smith,3905,2240,Arkansas,57,Public
University of Baltimore,695,507,Maryland,73,Public
University of Bridgeport,5248,3351,Connecticut,64,Private
University of California-Berkeley,61717,11108,California,18,Public
University of California-Davis,49820,22526,California,45,Public
University of California-Irvine,56515,23956,California,42,Public
University of California-Los Angeles,72676,15981,California,22,Public
University of California-Riverside,30391,18843,California,62,Public
University of California-San Diego,60832,22812,California,38,Public
University of California-Santa Barbara,55258,24556,California,44,Public
University of California-Santa Cruz,33137,19851,California,60,Public
University of Central Arkansas,3659,3292,Arkansas,90,Public
University of Central Florida,31820,15572,Florida,49,Public
University of Central Missouri,4611,3727,Missouri,81,Public
University of Central Oklahoma,10432,8761,Oklahoma,84,Public
University of Charleston,1312,906,West Virginia,69,Private
University of Chicago,30304,2670,Illinois,9,Private
University of Cincinnati-Main Campus,16002,11721,Ohio,73,Public
University of Colorado Boulder,22473,19710,Colorado,88,Public
University of Colorado Colorado Springs,7034,6401,Colorado,91,Public
University of Colorado Denver,3075,2333,Colorado,76,Public
University of Connecticut,27479,14745,Connecticut,54,Public
University of Dallas,1224,1103,Texas,90,Private
University of Dayton,15719,8327,Ohio,53,Private
University of Delaware,25458,16467,Delaware,65,Public
University of Denver,13735,10539,Colorado,77,Private
University of Detroit Mercy,3670,2256,Michigan,61,Private
University of Dubuque,1457,1128,Iowa,77,Private
University of Evansville,2935,2468,Indiana,84,Private
University of Florida,27107,12618,Florida,47,Public
University of Georgia,18458,10352,Georgia,56,Public
University of Great Falls,1206,877,Montana,73,Private
University of Hartford,15127,9338,Connecticut,62,Private
University of Hawaii at Hilo,1633,1228,Hawaii,75,Public
University of Hawaii at Manoa,6901,5527,Hawaii,80,Public
University of Hawaii-West Oahu,908,694,Hawaii,76,Public
University of Houston,17407,10167,Texas,58,Public
University of Houston-Downtown,3096,2944,Texas,95,Public
University of Houston-Victoria,3128,1596,Texas,51,Public
University of Idaho,7455,4894,Idaho,66,Public
University of Illinois at Chicago,14603,10427,Illinois,71,Public
University of Illinois at Springfield,1469,878,Illinois,60,Public
University of Illinois at Urbana-Champaign,33203,20716,Illinois,62,Public
University of Indianapolis,5313,4486,Indiana,84,Private
University of Iowa,21642,17363,Iowa,80,Public
University of Jamestown,1088,619,North Dakota,57,Private
University of Kansas,12389,11433,Kansas,92,Public
University of Kentucky,19810,13592,Kentucky,69,Public
University of La Verne,6989,2722,California,39,Private
University of Louisiana at Lafayette,8506,5044,Louisiana,59,Public
University of Louisiana at Monroe,3454,2668,Louisiana,77,Public
University of Louisville,9166,6519,Kentucky,71,Public
University of Maine,8306,6733,Maine,81,Public
University of Maine at Augusta,,,Maine,94,Public
University of Maine at Farmington,1638,1371,Maine,84,Public
University of Maine at Fort Kent,464,292,Maine,63,Public
University of Maine at Machias,452,386,Maine,85,Public
University of Maine at Presque Isle,,,Maine,87,Public
University of Mary,945,785,North Dakota,83,Private
University of Mary Hardin-Baylor,5540,4691,Texas,85,Private
University of Mary Washington,4496,3640,Virginia,81,Public
University of Maryland Eastern Shore,4073,2241,Maryland,55,Public
University of Maryland-Baltimore County,9755,6160,Maryland,63,Public
University of Maryland-College Park,26247,12333,Maryland,47,Public
University of Maryland-University College,,,Maryland,100,Public
University of Massachusetts-Amherst,36012,22665,Massachusetts,63,Public
University of Massachusetts-Boston,8170,5834,Massachusetts,71,Public
University of Massachusetts-Dartmouth,8063,5816,Massachusetts,72,Public
University of Massachusetts-Lowell,9126,5838,Massachusetts,64,Public
University of Memphis,5990,4098,Tennessee,68,Public
University of Miami,28907,11691,Florida,40,Private
University of Michigan-Ann Arbor,46813,15570,Michigan,33,Public
University of Michigan-Dearborn,4908,3084,Michigan,63,Public
University of Michigan-Flint,3003,2345,Michigan,78,Public
University of Minnesota-Crookston,762,527,Minnesota,69,Public
University of Minnesota-Duluth,7074,5533,Minnesota,78,Public
University of Minnesota-Morris,2649,1527,Minnesota,58,Public
University of Minnesota-Twin Cities,43048,19121,Minnesota,44,Public
University of Mississippi,14258,8464,Mississippi,59,Public
University of Missouri-Columbia,20956,16473,Missouri,79,Public
University of Missouri-Kansas City,4367,1441,Missouri,33,Public
University of Missouri-St Louis,1755,1302,Missouri,74,Public
University of Mobile,866,617,Alabama,71,Private
University of Montevallo,1385,1209,Alabama,87,Public
University of Mount Union,2660,1894,Ohio,71,Private
University of Nebraska at Kearney,2589,2197,Nebraska,85,Public
University of Nebraska at Omaha,4955,3507,Nebraska,71,Public
University of Nebraska-Lincoln,10929,6999,Nebraska,64,Public
University of Nevada-Las Vegas,7343,6250,Nevada,85,Public
University of Nevada-Reno,7857,6597,Nevada,84,Public
University of New England,4231,3632,Maine,86,Private
University of New Hampshire at Manchester,193,141,New Hampshire,73,Public
University of New Hampshire-Main Campus,17938,13963,New Hampshire,78,Public
University of New Haven,10169,7567,Connecticut,74,Private
University of New Mexico-Main Campus,11467,7405,New Mexico,65,Public
University of New Orleans,3197,1610,Louisiana,50,Public
University of North Alabama,2542,2057,Alabama,81,Public
University of North Carolina at Asheville,3036,1944,North Carolina,64,Public
University of North Carolina at Chapel Hill,28437,7847,North Carolina,28,Public
University of North Carolina at Charlotte,13742,9416,North Carolina,69,Public
University of North Carolina at Greensboro,10112,6069,North Carolina,60,Public
University of North Carolina at Pembroke,3087,2224,North Carolina,72,Public
University of North Carolina Wilmington,11184,6061,North Carolina,54,Public
University of North Dakota,5404,3983,North Dakota,74,Public
University of North Florida,10635,5682,Florida,53,Public
University of North Texas,18299,10922,Texas,60,Public
University of Northern Colorado,7602,5289,Colorado,70,Public
University of Northern Iowa,4068,3389,Iowa,83,Public
University of Northwestern-St Paul,1945,1345,Minnesota,69,Private
University of Notre Dame,17647,3936,Indiana,22,Private
University of Oklahoma-Norman Campus,10991,8841,Oklahoma,80,Public
University of Oregon,21263,15770,Oregon,74,Public
University of Pennsylvania,31282,3830,Pennsylvania,12,Private
University of Pikeville,1804,1804,Kentucky,100,Private
University of Pittsburgh-Bradford,940,802,Pennsylvania,85,Public
University of Pittsburgh-Greensburg,1262,1175,Pennsylvania,93,Public
University of Pittsburgh-Johnstown,1570,1419,Pennsylvania,90,Public
University of Pittsburgh-Pittsburgh Campus,24871,13959,Pennsylvania,56,Public
University of Portland,9523,6361,Oregon,67,Private
University of Puget Sound,4588,3910,Washington,85,Private
University of Redlands,4668,3137,California,67,Private
University of Rhode Island,19824,15603,Rhode Island,79,Public
University of Richmond,9825,3061,Virginia,31,Private
University of Rio Grande,,,Ohio,74,Private
University of Rochester,17244,6153,New York,36,Private
University of Saint Francis-Fort Wayne,1908,1023,Indiana,54,Private
University of Saint Joseph,860,737,Connecticut,86,Private
University of Saint Mary,767,361,Kansas,47,Private
University of San Diego,14693,7178,California,49,Private
University of San Francisco,14808,9076,California,61,Private
University of Science and Arts of Oklahoma,594,371,Oklahoma,62,Public
University of Scranton,9087,6818,Pennsylvania,75,Private
University of Sioux Falls,1385,1342,South Dakota,97,Private
University of South Alabama,4814,4142,Alabama,86,Public
University of South Carolina-Aiken,2620,1342,South Carolina,51,Public
University of South Carolina-Beaufort,1387,1013,South Carolina,73,Public
University of South Carolina-Columbia,23429,14199,South Carolina,61,Public
University of South Carolina-Upstate,3066,1969,South Carolina,64,Public
University of South Dakota,3606,3169,South Dakota,88,Public
University of South Florida-Main Campus,28512,12900,Florida,45,Public
University of South Florida-St Petersburg,3195,1406,Florida,44,Public
University of Southern California,47358,9395,California,20,Private
University of Southern Indiana,6204,4302,Indiana,69,Public
University of Southern Maine,3902,3231,Maine,83,Public
University of Southern Mississippi,6120,4058,Mississippi,66,Public
University of St Francis,1706,877,Illinois,51,Private
University of St Thomas,5540,4774,Minnesota,86,Private
University of St Thomas,782,604,Texas,77,Private
University of the Cumberlands,2527,1801,Kentucky,71,Private
University of the District of Columbia,,,District of Columbia,63,Public
University of the Incarnate Word,4072,3790,Texas,93,Private
University of the Ozarks,1061,651,Arkansas,61,Private
University of the Pacific,14222,10332,California,73,Private
University of the Southwest,,,New Mexico,50,Private
University of the West,,,California,56,Private
University of Toledo,11066,10040,Ohio,91,Public
University of Tulsa,7304,2965,Oklahoma,41,Private
University of Utah,11354,9281,Utah,82,Public
University of Vermont,22381,17357,Vermont,78,Public
University of Virginia-Main Campus,28984,8691,Virginia,30,Public
University of Washington-Bothell Campus,2459,1861,Washington,76,Public
University of Washington-Seattle Campus,30199,16679,Washington,55,Public
University of Washington-Tacoma Campus,1198,1021,Washington,85,Public
University of West Alabama,462,460,Alabama,100,Public
University of West Georgia,7266,3913,Georgia,54,Public
University of Wisconsin-Eau Claire,6610,5054,Wisconsin,76,Public
University of Wisconsin-Green Bay,2520,2136,Wisconsin,85,Public
University of Wisconsin-La Crosse,6982,5027,Wisconsin,72,Public
University of Wisconsin-Madison,23324,15841,Wisconsin,68,Public
University of Wisconsin-Milwaukee,8944,7699,Wisconsin,86,Public
University of Wisconsin-Oshkosh,5117,4162,Wisconsin,81,Public
University of Wisconsin-Parkside,1896,1431,Wisconsin,75,Public
University of Wisconsin-Platteville,3399,3279,Wisconsin,96,Public
University of Wisconsin-River Falls,2602,2254,Wisconsin,87,Public
University of Wisconsin-Stevens Point,4432,3672,Wisconsin,83,Public
University of Wisconsin-Stout,3150,2812,Wisconsin,89,Public
University of Wisconsin-Superior,941,840,Wisconsin,89,Public
University of Wisconsin-Whitewater,5704,4830,Wisconsin,85,Public
University of Wyoming,4181,4001,Wyoming,96,Public
Upper Iowa University,1229,715,Iowa,58,Private
Urbana University,,,Ohio,77,Private
Ursinus College,3947,2618,Pennsylvania,66,Private
Ursuline College,441,255,Ohio,58,Private
Utah State University,9052,8757,Utah,97,Public
Utah Valley University,,,Utah,100,Public
Utica College,3689,3151,New York,85,Private
Valdosta State University,5701,3148,Georgia,55,Public
Valley City State University,345,286,North Dakota,83,Public
Valley Forge Christian College,451,297,Pennsylvania,66,Private
Valparaiso University,6124,4880,Indiana,80,Private
Vanderbilt University,31099,3963,Tennessee,13,Private
Vanguard University of Southern California,1495,1043,California,70,Private
Vassar College,7597,1832,New York,24,Private
Vaughn College of Aeronautics and Technology,837,645,New York,77,Private
Vermont Technical College,568,469,Vermont,83,Public
Villanova University,14966,7319,Pennsylvania,49,Private
Virginia Commonwealth University,14156,9786,Virginia,69,Public
Virginia Intermont College,226,218,Virginia,96,Private
Virginia Military Institute,2012,952,Virginia,47,Public
Virginia Polytechnic Institute and State University,19112,13432,Virginia,70,Public
Virginia State University,5729,5419,Virginia,95,Public
Virginia Union University,4306,2518,Virginia,58,Private
Virginia Wesleyan College,3788,3527,Virginia,93,Private
Viterbo University,1711,1208,Wisconsin,71,Private
Voorhees College,2726,1377,South Carolina,51,Private
Wabash College,,,Indiana,67,Private
Wagner College,2942,2056,New York,70,Private
Wake Forest University,11121,3915,North Carolina,35,Private
Walla Walla University,1051,976,Washington,93,Private
Walsh University,1640,1265,Ohio,77,Private
Warner Pacific College,948,500,Oregon,53,Private
Warner University,1264,427,Florida,34,Private
Warren Wilson College,1214,845,North Carolina,70,Private
Wartburg College,2268,1761,Iowa,78,Private
Washburn University,,,Kansas,100,Public
Washington & Jefferson College,7176,2851,Pennsylvania,40,Private
Washington Adventist University,1455,476,Maryland,33,Private
Washington and Lee University,6222,1147,Virginia,18,Private
Washington College,4786,3185,Maryland,67,Private
Washington State University,14887,12219,Washington,82,Public
Washington University in St Louis,30117,4684,Missouri,16,Private
Wayland Baptist University,581,573,Texas,99,Private
Wayne State College,,,Nebraska,100,Public
Wayne State University,11524,8786,Michigan,76,Public
Waynesburg University,1962,1476,Pennsylvania,75,Private
Webber International University,944,602,Florida,64,Private
Weber State University,,,Utah,75,Public
Webster University,1736,1008,Missouri,58,Private
Welch College,,,Tennessee,98,Private
Wellesley College,4765,1387,Massachusetts,29,Private
Wells College,2214,1321,New York,60,Private
Wentworth Institute of Technology,6146,3541,Massachusetts,58,Private
Wesley College,2933,1833,Delaware,62,Private
Wesleyan College,779,338,Georgia,43,Private
Wesleyan University,10046,2102,Connecticut,21,Private
West Chester University of Pennsylvania,13424,6922,Pennsylvania,52,Public
West Liberty University,2175,1549,West Virginia,71,Public
West Texas A & M University,4632,3429,Texas,74,Public
West Virginia State University,2202,986,West Virginia,45,Public
West Virginia University,16521,14060,West Virginia,85,Public
West Virginia University at Parkersburg,,,West Virginia,56,Public
West Virginia University Institute of Technology,1033,530,West Virginia,51,Public
West Virginia Wesleyan College,1762,1356,West Virginia,77,Private
Western Carolina University,15231,5736,North Carolina,38,Public
Western Connecticut State University,3613,2366,Connecticut,65,Public
Western Governors University,,,Utah,82,Private
Western Illinois University,10554,6260,Illinois,59,Public
Western Kentucky University,8526,7871,Kentucky,92,Public
Western Michigan University,14621,12113,Michigan,83,Public
Western New England University,5988,4881,Massachusetts,82,Private
Western New Mexico University,,,New Mexico,99,Public
Western Oregon University,2848,2512,Oregon,88,Public
Western State Colorado University,1514,1411,Colorado,93,Public
Western Washington University,9526,7974,Washington,84,Public
Westfield State University,5137,3846,Massachusetts,75,Public
Westminster College,1420,1021,Missouri,72,Private
Westminster College,3378,2478,Pennsylvania,73,Private
Westminster College,2461,1850,Utah,75,Private
Westmont College,2145,1505,California,70,Private
Wheaton College,1959,1346,Illinois,69,Private
Wheaton College,3944,2657,Massachusetts,67,Private
Wheeling Jesuit University,1258,867,West Virginia,69,Private
Wheelock College,1570,1149,Massachusetts,73,Private
Whitman College,2586,1473,Washington,57,Private
Whittier College,4381,2771,California,63,Private
Whitworth University,4044,2609,Washington,65,Private
Wichita State University,3492,3344,Kansas,96,Public
Widener University-Main Campus,5461,3673,Pennsylvania,67,Private
Wilberforce University,1534,895,Ohio,58,Private
Wiley College,,,Texas,94,Private
Wilkes University,2998,2278,Pennsylvania,76,Private
Willamette University,8109,4690,Oregon,58,Private
William Carey University,771,376,Mississippi,49,Private
William Jewell College,1433,828,Missouri,58,Private
William Paterson University of New Jersey,8935,6086,New Jersey,68,Public
William Peace University,1083,984,North Carolina,91,Private
William Penn University,836,482,Iowa,58,Private
William Woods University,897,674,Missouri,75,Private
Williams Baptist College,531,361,Arkansas,68,Private
Williams College,7069,1203,Massachusetts,17,Private
Wilmington College,3780,1740,Ohio,46,Private
Wilmington University,,,Delaware,97,Private
Wilson College,450,237,Pennsylvania,53,Private
Wingate University,5323,4221,North Carolina,79,Private
Winona State University,7212,4381,Minnesota,61,Public
Winston-Salem State University,5164,2874,North Carolina,56,Public
Winthrop University,4285,3096,South Carolina,72,Public
Wisconsin Lutheran College,870,553,Wisconsin,64,Private
Wittenberg University,5274,4711,Ohio,89,Private
Wofford College,2718,1870,South Carolina,69,Private
Woodbury University,879,490,California,56,Private
Worcester Polytechnic Institute,8578,4425,Massachusetts,52,Private
Worcester State University,4149,2515,Massachusetts,61,Public
Wright State University-Main Campus,,,Ohio,63,Public
Xavier University,10907,7632,Ohio,70,Private
Xavier University of Louisiana,4703,2560,Louisiana,54,Private
Yale University,28977,2043,Connecticut,7,Private
Yeshiva University,1575,1294,New York,82,Private
York College,546,267,Nebraska,49,Private
York College Pennsylvania,9934,7302,Pennsylvania,74,Private
Youngstown State University,,,Ohio,78,Public
